datetime,sensor_id,temperature,pressure,vibration,humidity,voltage,current,efficiency,runtime,throughput,status
2023-01-01 00:00:00,SENSOR_0,25.993428306022466,100.47100498907793,0.06513977233290705,36.43039584193233,219.67930826703503,4.889373188207114,0.9721855375392578,4420.0,22.0,WARN
2023-01-01 00:00:00,SENSOR_1,24.72347139765763,100.73981895980303,0.03155669351644749,,221.64381205151741,4.861593350055539,0.8657612546576712,2749.0,23.0,FAIL
2023-01-01 00:00:00,SENSOR_2,26.295377076201383,102.04729360512326,,63.28536711830968,221.60678607725137,5.153703348904551,0.9485160368445114,1682.0,26.0,OK
2023-01-01 08:00:00,SENSOR_0,28.04605971281605,101.91037026543346,0.07711275717609903,50.29870935043345,222.1096037711764,5.407868606269648,0.9256977867302875,4906.0,18.0,OK
2023-01-01 08:00:00,SENSOR_1,24.531693250553328,101.27909840603584,0.05826869806447402,,228.06855634529325,,0.8635148258273617,4637.0,13.0,OK
2023-01-01 08:00:00,SENSOR_2,24.53172608610164,101.41732738330877,0.08753591625116132,41.48152532699651,222.2676715075699,4.708461280715531,0.8838651359562374,3953.0,17.0,OK
2023-01-01 16:00:00,SENSOR_0,28.158425631014783,,0.034524216017928544,54.67707673502969,218.77921682354676,4.916439143106794,0.851736565078824,2833.0,18.0,OK
2023-01-01 16:00:00,SENSOR_1,26.534869458305817,100.70842861116417,0.025106905933771663,69.24744712109694,224.8204358414418,5.14128997524415,0.9156275151650308,,,OK
2023-01-01 16:00:00,SENSOR_2,24.061051228130097,101.84709738117003,0.014425595021914428,55.272541080666734,225.9473524446232,4.875654436908227,0.8921771365064001,1125.0,20.0,WARN
2023-01-02 00:00:00,SENSOR_0,26.08512008717193,101.0978073475661,0.07992088622978366,40.39214324256639,213.86196092431504,5.8036727880099965,0.9337700478016863,1276.0,20.0,OK
2023-01-02 00:00:00,SENSOR_1,24.073164614375074,101.08231879677278,0.06308731312708116,,222.98700034924929,5.245487475819125,0.8916132930792063,2999.0,32.0,OK
2023-01-02 00:00:00,SENSOR_2,24.068540492859487,102.3987768519872,0.0488883065817909,51.59941518863422,,5.367438893024909,0.8919886756109778,2227.0,22.0,OK
2023-01-02 08:00:00,SENSOR_0,25.48392454313207,102.12541634898803,0.05559937252639641,61.19381580604575,218.51218248320004,5.331440634333706,0.9540470478224244,3241.0,14.0,OK
2023-01-02 08:00:00,SENSOR_1,21.173439510684403,102.11350963600063,0.027490219054032473,34.279225553078334,226.8785340665581,5.5867369287426625,0.8567399970369695,4752.0,,OK
2023-01-02 08:00:00,SENSOR_2,21.550164334973935,102.60547880715433,0.09891503959233652,60.44111610008112,219.24972206483736,5.090510779351853,0.9764052993268781,4735.0,24.0,WARN
2023-01-02 16:00:00,SENSOR_0,23.875424941518055,101.32100384163276,0.05258442363950455,51.65066314704441,220.6278822673577,4.351584026022077,0.9693169424147654,4618.0,18.0,OK
2023-01-02 16:00:00,SENSOR_1,22.974337759331153,101.98195297129496,0.05218789589209786,68.51968015435978,219.13464087858065,5.199843975876321,0.9434926556516969,1695.0,25.0,WARN
2023-01-02 16:00:00,SENSOR_2,25.628494665190548,100.98973324340655,0.06451533247797384,43.674886641547445,220.07789523790734,4.674321553104085,0.9330510198150338,2309.0,24.0,OK
2023-01-03 00:00:00,SENSOR_0,23.183951848957577,101.62416635248844,0.05962018463473427,55.304875725357924,214.518624565524,4.735691659125122,0.9749223497395513,1056.0,19.0,WARN
2023-01-03 00:00:00,SENSOR_1,22.175392597329417,101.16985694563232,0.05447768048558263,67.2811242204007,212.79974558702853,5.293182009377547,0.87594622513402,4805.0,11.0,OK
2023-01-03 00:00:00,SENSOR_2,27.931297537843108,101.39699596499271,0.03419051089109376,34.10038911962717,227.97252531612486,5.6191415357168175,0.861055682706716,4374.0,16.0,OK
2023-01-03 08:00:00,SENSOR_0,24.54844739902693,101.89515702543692,0.059429367142719916,67.48913948945804,215.76519325840837,5.010635788368031,0.8835314237873353,4234.0,23.0,OK
2023-01-03 08:00:00,SENSOR_1,25.13505640937585,,0.08764048992950069,57.51542889203253,215.04303825271847,5.154416506299482,0.9612409590180266,1018.0,,WARN
2023-01-03 08:00:00,SENSOR_2,22.150503627573087,103.39238727568545,0.07690840092309956,32.713482364206875,209.2330494319814,5.851107472317619,0.8548538373417076,4441.0,32.0,OK
2023-01-03 16:00:00,SENSOR_0,23.911234550949636,100.2939826185003,,42.03854267787265,216.8051912615525,5.120376589744284,0.9315929569116885,3311.0,18.0,OK
2023-01-03 16:00:00,SENSOR_1,25.22184517941973,100.08581138721226,0.039775686471376304,58.32688354581126,213.38455103296252,6.300841557090197,0.9893612522667834,,15.0,FAIL
2023-01-03 16:00:00,SENSOR_2,22.698012845155393,102.45811087350006,0.030207903594828386,,228.21007580068184,5.282754822815772,0.9697974531372555,1112.0,22.0,WARN
2023-01-04 00:00:00,SENSOR_0,25.751396036691343,102.09166269396293,0.04748426159800704,53.28681840705093,225.04908544671318,4.1196186204220915,0.9230023964661025,4559.0,21.0,OK
2023-01-04 00:00:00,SENSOR_1,23.79872262016239,101.92411981705216,0.051114498245773896,43.83532227811827,216.55924827411138,5.376670810552266,0.8589097273001299,4398.0,25.0,WARN
2023-01-04 00:00:00,SENSOR_2,24.416612500413446,101.92834550926428,0.07188383036941898,54.83662071069908,231.26217902672155,,0.9663922920139993,1541.0,18.0,OK
2023-01-04 08:00:00,SENSOR_0,23.796586775541208,101.28775322715309,0.016150707405703617,31.829681352500515,224.90882743495797,5.644876377041372,0.9338569911448095,,17.0,OK
2023-01-04 08:00:00,SENSOR_1,28.704556369017876,100.40274562851417,0.08059100638921228,64.86147224609505,218.3758430824569,5.336590675634979,0.8660906195883393,1578.0,28.0,OK
2023-01-04 08:00:00,SENSOR_2,,101.37580455819372,0.04683984202842022,68.93955876709587,207.50297142563213,4.930772008008113,0.8631400198752699,2088.0,20.0,FAIL
2023-01-04 16:00:00,SENSOR_0,,100.62283828848788,0.041462378601051605,68.75511421142767,231.4547128629537,4.387850881855317,0.9773477547211229,4363.0,23.0,FAIL
2023-01-04 16:00:00,SENSOR_1,26.645089824206377,102.27511973341775,0.029757912494796653,59.98607326971699,213.05213766618203,4.895488371356987,0.943688036811331,1024.0,14.0,OK
2023-01-04 16:00:00,SENSOR_2,22.558312700057954,101.15294261849786,0.016902866562684617,35.20344960522528,211.77300626521554,4.57473977289535,0.9661001519043457,2572.0,22.0,OK
2023-01-05 00:00:00,SENSOR_0,25.41772719000951,100.47450280320749,0.06646341167923829,60.3305278371609,225.1128521600482,4.709738275097639,0.9730570460395174,3048.0,20.0,OK
2023-01-05 00:00:00,SENSOR_1,21.08065975224045,100.978614158347,0.05146635934376808,30.98347665835206,232.19876203169636,5.2942892022103045,0.9300481292867651,3958.0,20.0,FAIL
2023-01-05 00:00:00,SENSOR_2,22.34362790220314,101.71293145427562,0.024200782005178924,30.88494206115989,226.92136409255258,5.834952252175703,0.9224424892457057,2572.0,12.0,FAIL
2023-01-05 08:00:00,SENSOR_0,25.393722471738247,100.73627544719602,0.02409842455872768,42.94440876598165,222.8195456002618,5.19733576491149,0.9102598374449387,1140.0,24.0,OK
2023-01-05 08:00:00,SENSOR_1,26.47693315999082,100.47777960443356,0.043284306014197436,49.54572761618663,222.97377170832644,4.402058468982408,0.8943725222907567,2767.0,21.0,WARN
2023-01-05 08:00:00,SENSOR_2,25.34273656237994,101.54368721149191,0.08338043050578786,60.816296712311726,224.26707779390154,5.22230133411007,0.9108434345202197,1647.0,9.0,WARN
2023-01-05 16:00:00,SENSOR_0,24.768703435223518,101.54496657110872,0.044808172972727905,57.33181506426021,223.7946429489338,5.598315743322826,,4972.0,19.0,OK
2023-01-05 16:00:00,SENSOR_1,24.397792608821423,100.79305682462886,0.01993714093763788,47.83610825506993,,4.6951085478403085,0.9342692803421184,3235.0,25.0,OK
2023-01-05 16:00:00,SENSOR_2,22.042956019265144,100.82896169438168,0.04508513871828112,40.945066651266636,220.52100551975937,4.932991416663541,0.9749532605936785,4199.0,31.0,OK
2023-01-06 00:00:00,SENSOR_0,23.560311583210584,101.53204993735763,0.04454552860504659,69.88498000630844,219.6870343605024,5.007344097364599,0.9120732020130863,1200.0,21.0,OK
2023-01-06 00:00:00,SENSOR_1,24.078722458080424,99.85191565850268,0.003937732858831429,47.04725208943891,216.23017705566662,4.60755084345888,0.9349925410206256,4198.0,19.0,OK
2023-01-06 00:00:00,SENSOR_2,27.11424445243783,99.89253622562345,0.04891410266964376,48.05548097318702,218.59662461566612,5.324140216921929,0.9383830574328784,1256.0,12.0,OK
2023-01-06 08:00:00,SENSOR_0,25.687236579136922,100.58155577874756,0.04538130939582644,36.544952847666764,211.53521592902308,4.939525925696109,0.9328376027228855,4747.0,24.0,FAIL
2023-01-06 08:00:00,SENSOR_1,21.47391968927453,101.08655284828815,0.06392412729626837,61.79238194999718,219.50830186602624,5.2097662219535135,0.9483687282319723,1546.0,,OK
2023-01-06 08:00:00,SENSOR_2,25.64816793878959,101.610907565598,0.08697912189890691,57.74728903125954,215.05704446424542,4.55625391109895,0.8832406855724728,3241.0,16.0,OK
2023-01-06 16:00:00,SENSOR_0,24.229835439167367,,0.07253130059095515,,214.48205341392114,4.781270849838295,0.9217309288564106,3750.0,22.0,OK
2023-01-06 16:00:00,SENSOR_1,23.646155999388082,102.15765962320202,0.044622226188903394,33.295241824633706,220.8994707557674,5.361190678913886,0.8645914723931687,4175.0,21.0,OK
2023-01-06 16:00:00,SENSOR_2,26.223352577681737,101.14006147003657,0.027869481825166596,57.21997208298852,226.960011431723,4.813583423954117,0.9038315858702738,4606.0,20.0,OK
2023-01-07 00:00:00,SENSOR_0,27.0619990449919,101.2809837920973,0.10146719606499721,56.18044857124541,224.59158303001158,5.863481925616703,0.918273389606977,4336.0,28.0,OK
2023-01-07 00:00:00,SENSOR_1,26.862560238232398,100.29747063536219,0.05118436868028977,40.930381079928374,212.1474969818841,4.800181907192699,0.9413113963363662,1801.0,22.0,OK
2023-01-07 00:00:00,SENSOR_2,23.321564953554724,101.2814868640076,0.05027858583825893,68.0345424900164,215.0518593171483,5.112342362875943,0.9830743473620684,1941.0,17.0,OK
2023-01-07 08:00:00,SENSOR_0,24.381575248297573,101.01134136107986,0.049517498257799934,36.04231567123601,224.7038559399411,5.466295415936545,0.9340911493167698,4455.0,23.0,OK
2023-01-07 08:00:00,SENSOR_1,25.662526862807127,,0.053961695215357104,47.29339204170408,215.08756303230845,4.290817133533484,0.9541031482647183,4331.0,19.0,OK
2023-01-07 08:00:00,SENSOR_2,26.95109025424472,100.47276905644767,0.04711279176152115,67.74463680670395,218.87683425001487,4.119595594009612,0.9208772483293284,1413.0,20.0,WARN
2023-01-07 16:00:00,SENSOR_0,24.04165152430942,101.81934651424118,0.038526759862395274,46.78909267704489,222.75026049512275,4.237171842714953,0.9387745643926864,3014.0,14.0,OK
2023-01-07 16:00:00,SENSOR_1,24.628682046672367,102.83273891300257,,55.54103790656342,215.1582777256818,5.631292051713591,0.8599305102587282,2381.0,19.0,OK
2023-01-07 16:00:00,SENSOR_2,22.787330051987944,101.19123985154314,0.04934493459568003,45.90377591851177,220.5268775307298,4.724070927053777,0.8856148213178585,2098.0,24.0,WARN
2023-01-08 00:00:00,SENSOR_0,22.60758675183866,101.70171172209893,0.0391315045773247,40.9686080939468,213.32987252540897,6.279099642834126,0.9006594330487194,4426.0,18.0,OK
2023-01-08 00:00:00,SENSOR_1,26.625051644788396,101.99014399171111,0.03574308434645672,69.35910591839313,,4.717876200671306,0.9161490697009119,4655.0,21.0,OK
2023-01-08 00:00:00,SENSOR_2,27.712480057141647,100.89877952811416,,46.37336025260172,,5.092275651598518,0.8563908243703336,4842.0,24.0,WARN
2023-01-08 08:00:00,SENSOR_0,24.855979756839332,101.52409248181041,0.0449004556515829,65.76396814716537,212.03503133234165,5.771054976283938,0.8696033736574644,1909.0,21.0,OK
2023-01-08 08:00:00,SENSOR_1,27.007065795784047,101.3125924007818,0.08007985977165377,39.198184235643446,222.202373689802,6.003046444079562,0.8887540030907828,1187.0,22.0,OK
2023-01-08 08:00:00,SENSOR_2,25.723272050095268,101.39767609854883,,38.52418816100333,219.9018110053666,6.030751788318199,0.9860145767261471,4756.0,13.0,WARN
2023-01-08 16:00:00,SENSOR_0,23.70976049078975,100.52699021614453,0.07183013703844923,31.245363315380455,222.76244977208574,5.604183115296571,0.8963885809944271,3015.0,16.0,WARN
2023-01-08 16:00:00,SENSOR_1,25.722791211016826,101.32451017425895,0.07492170384995259,56.066673015035406,221.1195706703233,5.512031262905731,0.9174857481356915,2313.0,8.0,FAIL
2023-01-08 16:00:00,SENSOR_2,28.07607313293194,101.79799829124545,0.00853219535183701,44.74105374895045,226.82070214986922,,0.877453679783375,3092.0,26.0,OK
2023-01-09 00:00:00,SENSOR_0,24.928347921780098,102.75114360779504,0.04314624811839303,64.57432999358548,220.62612251323952,5.389180538083319,0.9355092099506075,4644.0,,OK
2023-01-09 00:00:00,SENSOR_1,28.129287311628012,102.2592708260852,0.042571182680084176,,217.85297229437373,4.724407141835734,0.8892956501722364,3130.0,19.0,OK
2023-01-09 00:00:00,SENSOR_2,19.76050979182051,103.45318245751156,0.021849766105643577,68.72773711658887,220.61148751516143,4.590900558288847,0.8789789609813797,2146.0,20.0,OK
2023-01-09 08:00:00,SENSOR_0,26.643805008750448,100.53265243711195,,37.42102062812484,222.71649014518195,4.998312771294524,0.9223201679824371,1357.0,17.0,OK
2023-01-09 08:00:00,SENSOR_1,25.17409413647634,102.17232063672067,0.027788483090683425,64.74492671822443,220.2443003516285,4.914907688737536,,2551.0,27.0,OK
2023-01-09 08:00:00,SENSOR_2,24.401985299068265,101.48334200573835,0.08504540886847245,61.06387411166967,220.20295845601942,4.773385975336362,0.8510729645708915,2089.0,24.0,FAIL
2023-01-09 16:00:00,SENSOR_0,25.183521553071003,103.48980293321767,0.06871356786294923,60.83687378576208,216.49004156096623,5.348193723728357,0.8806696332742601,3983.0,20.0,OK
2023-01-09 16:00:00,SENSOR_1,21.024862170798215,100.49170171464485,,63.79132912467551,216.68549541224525,5.477652604285256,0.855140990750115,2680.0,21.0,OK
2023-01-09 16:00:00,SENSOR_2,24.560656224324976,100.46027815781922,0.0644334412808647,60.440959637719956,212.98697364100153,5.044203443145924,0.8651236055782968,3422.0,18.0,OK
2023-01-10 00:00:00,SENSOR_0,25.714225143023494,100.70060735455597,0.02741896457565542,55.048812865256615,228.7478837159347,5.738765040527631,0.8974404909074252,1161.0,16.0,OK
2023-01-10 00:00:00,SENSOR_1,27.955788089483033,99.1761042756902,0.03950959467440453,35.249795107295505,213.78068382304357,4.429155442933247,0.9623619951411738,4817.0,,OK
2023-01-10 00:00:00,SENSOR_2,23.963459563452705,100.77424497831923,0.05978749122455836,31.301047179650077,216.53547401102045,4.903170270360141,0.9300868100717021,4451.0,18.0,OK
2023-01-10 08:00:00,SENSOR_0,23.383012794213624,100.5408673384463,0.025557443822161095,66.83391391262748,216.407963672154,4.641588839698597,0.9217734816338983,4727.0,24.0,OK
2023-01-10 08:00:00,SENSOR_1,23.996485912830927,101.4503937864762,0.06425996860344776,54.66601258082952,224.4746218847222,4.06673169146347,0.8910884352491371,4429.0,15.0,OK
2023-01-10 08:00:00,SENSOR_2,26.83080423540415,101.64175597577716,0.0451934920368373,61.86149163904705,218.52525160853986,4.95865965707865,0.9804455207205943,4259.0,20.0,WARN
2023-01-10 16:00:00,SENSOR_0,,103.17617083921589,0.042503583849008056,49.260894060502004,226.23871036336868,4.9391262458083585,0.9055821057732069,3369.0,19.0,WARN
2023-01-10 16:00:00,SENSOR_1,23.940479592465923,102.25042383818605,0.06421919936406983,34.692327558495776,216.63254687878066,5.756724871621065,0.862192987351408,1449.0,14.0,OK
2023-01-10 16:00:00,SENSOR_2,26.02653486622671,100.72309634433759,0.0588852662297208,35.00743168810202,221.394970811119,5.315405842277388,0.9363893122564921,2497.0,20.0,OK
2023-01-11 00:00:00,SENSOR_0,25.19415509869608,100.40158532865163,0.0427806766836184,57.422611489158854,215.82326473370122,4.487906587835398,0.8659373750867242,2036.0,34.0,WARN
2023-01-11 00:00:00,SENSOR_1,26.937289981065778,101.7919191715065,0.07318659606728496,47.21223579597851,230.72574563886695,5.927046283167094,0.8983312399922369,3231.0,17.0,WARN
2023-01-11 00:00:00,SENSOR_2,23.595893812245293,99.97976679297936,0.028378733448002055,38.02098906801347,214.06200790485244,5.610516847762677,0.9210376714204932,3158.0,16.0,OK
2023-01-11 08:00:00,SENSOR_0,24.344675706804463,103.13145876585435,0.06231871213888528,49.66378186965748,221.54910355113515,5.291048851734308,0.9723911534559246,,16.0,WARN
2023-01-11 08:00:00,SENSOR_1,24.215783693735684,102.47944012072128,0.06186202515936768,32.568357483005364,223.1688844046605,,,3555.0,23.0,OK
2023-01-11 08:00:00,SENSOR_2,,100.83082434789529,0.0438090712137202,53.27885607657595,222.0689954872575,4.52028038163826,0.948316227244433,2313.0,19.0,WARN
2023-01-11 16:00:00,SENSOR_0,25.59224055412915,99.58686547090912,0.05652266044484236,40.75973617740391,,4.8138966119644735,0.9889943574598699,3342.0,18.0,FAIL
2023-01-11 16:00:00,SENSOR_1,25.52211054435978,102.65387237416542,0.024977728472293945,61.90236402548753,219.35089650133287,5.544374309852093,0.8684084767857174,4522.0,25.0,OK
2023-01-11 16:00:00,SENSOR_2,25.01022691328492,101.18546015474737,0.06848054038413802,42.41447835694295,220.21905735989554,5.942293152967305,0.8884624135727327,3951.0,18.0,WARN
2023-01-12 00:00:00,SENSOR_0,24.530825733249706,102.53781631197346,,48.20880596327205,219.26498999185756,5.7716217641360945,0.9052406505836705,2238.0,24.0,OK
2023-01-12 00:00:00,SENSOR_1,22.169258515899173,99.70557234120562,0.03954553958961921,30.464821596324025,224.81939558397454,4.755575289106863,0.9090559449954364,1973.0,21.0,FAIL
2023-01-12 00:00:00,SENSOR_2,24.15870935446928,100.70062497704622,0.0709801845167378,32.89787551178235,231.05261500795675,4.440191283355494,0.9075429505371764,1631.0,12.0,OK
2023-01-12 08:00:00,SENSOR_0,24.314570966946462,101.30524369971818,0.035913126189144814,45.69974225626739,217.21254107496082,5.070443123455602,0.9770655403579177,4965.0,23.0,WARN
2023-01-12 08:00:00,SENSOR_1,23.39544546155676,101.34698059376474,0.02183077407272881,49.19755338868494,213.1509851021046,4.115780317218574,0.9499645702253599,2590.0,24.0,OK
2023-01-12 08:00:00,SENSOR_2,24.67742857666798,100.84993452852075,0.018867416529521928,54.00082192477215,219.55858975824373,5.161583857092391,0.9351067299726985,2050.0,30.0,OK
2023-01-12 16:00:00,SENSOR_0,25.80810171362908,101.92284993234749,0.06212019902691279,,232.89854668827158,4.926198706850665,0.8933121805007895,4701.0,17.0,OK
2023-01-12 16:00:00,SENSOR_1,28.77237180242106,100.2323795706174,0.02439141295007434,57.7992754450617,215.98162716015133,4.766981749065879,0.9653306537909813,3780.0,17.0,FAIL
2023-01-12 16:00:00,SENSOR_2,25.349155625663677,101.1576205149787,0.08509588363968729,64.40489588756819,228.19558402722035,4.202648466366602,0.9837084716078984,4302.0,24.0,WARN
2023-01-13 00:00:00,SENSOR_0,,101.4202956317119,0.008361411842325563,61.194039555733994,228.3885040703822,5.256800053284858,0.9649677595570317,2588.0,20.0,WARN
2023-01-13 00:00:00,SENSOR_1,24.851108168467665,101.81443883405875,0.08392912736580077,31.584753013934286,217.23205879146002,4.733649580169044,0.8502191147268062,4878.0,18.0,FAIL
2023-01-13 00:00:00,SENSOR_2,21.162457569401916,102.01161487808889,0.05422034934405237,49.220277890313156,222.84491539592636,,0.9390961918256769,3368.0,25.0,OK
2023-01-13 08:00:00,SENSOR_0,24.946972249101567,100.17535790816213,0.04806573776259215,34.197207136726995,228.1419831156427,3.5638688933591753,0.8571589534018941,3960.0,23.0,OK
2023-01-13 08:00:00,SENSOR_1,25.120460419882054,99.76588582926438,0.03910161826382101,39.6818006345011,218.10436129506257,4.986242547474681,0.8860650108467211,4304.0,28.0,OK
2023-01-13 08:00:00,SENSOR_2,,102.5776768218985,0.05798272228704142,69.46650373068586,218.98209819948818,5.886125798334872,0.858333458048688,2693.0,17.0,OK
2023-01-13 16:00:00,SENSOR_0,24.615278070437753,,0.049247305951503034,35.69982171606053,217.09159543025677,5.830629607273935,0.9345313634129143,1436.0,15.0,OK
2023-01-13 16:00:00,SENSOR_1,25.603094684667226,100.55151346344344,0.07206603764033043,49.95552613805424,214.92621634653565,4.771451871706864,0.946122587888965,3828.0,23.0,OK
2023-01-13 16:00:00,SENSOR_2,24.930576460589513,102.85115197552253,0.0522845529732408,54.72622937272476,216.75361227466996,4.6988939698191095,0.8660282693292267,2556.0,30.0,OK
2023-01-14 00:00:00,SENSOR_0,22.662643924760935,101.41567463429286,0.05300603522923755,58.098598821764156,213.8802986661887,5.234387128037512,0.9037374436262972,4474.0,18.0,OK
2023-01-14 00:00:00,SENSOR_1,27.285645629030043,102.47929718406382,0.042727755755722886,52.385947339476566,220.17041734129614,4.500807280405854,0.9138731112537759,2076.0,24.0,OK
2023-01-14 00:00:00,SENSOR_2,26.503866065373547,101.3675184814101,0.048861087525578654,30.390833896767347,216.1501338447068,5.150895949909733,0.9016674230465282,4858.0,18.0,OK
2023-01-14 08:00:00,SENSOR_0,26.582063894086094,103.36074792488199,0.05615603537784119,43.058452329759675,221.16892955895375,5.383040139192345,0.866943500067927,4384.0,25.0,FAIL
2023-01-14 08:00:00,SENSOR_1,23.18122509041052,103.0553408424432,0.01579663214686749,50.70846573538846,212.22052176898185,5.613466611942154,0.9086526906262465,2304.0,19.0,WARN
2023-01-14 08:00:00,SENSOR_2,27.805588621872197,101.05103585152092,,33.514659965793335,221.6544011610723,4.9499229617600236,0.9551649266931785,3773.0,15.0,FAIL
2023-01-14 16:00:00,SENSOR_0,22.19629787441544,102.27157095095436,,44.02507724836723,224.16764480804463,4.898163124911517,0.8599410730346557,3078.0,21.0,OK
2023-01-14 16:00:00,SENSOR_1,26.17371418760054,101.94537594958514,0.05341730876255884,31.32812435165466,210.03132178714273,4.5610087066217195,0.8612252019714665,3384.0,15.0,OK
2023-01-14 16:00:00,SENSOR_2,29.380911251619956,102.66863155753235,0.04632033327294642,33.14313988620083,221.87028284923787,4.58655982298007,0.8996679808570378,1182.0,17.0,WARN
2023-01-15 00:00:00,SENSOR_0,23.01892734973862,100.33507653941989,0.05036867866130786,45.87693104806384,226.13834496236646,4.8867605540492365,0.9818415996266495,,,OK
2023-01-15 00:00:00,SENSOR_1,23.867404540794457,101.98605145999844,0.056951634107233425,35.30863016172241,213.95179490654397,5.183682753408089,0.9436001705412079,3591.0,16.0,OK
2023-01-15 00:00:00,SENSOR_2,25.199302730175283,102.35842448684959,0.03920480639381277,52.70163393046232,228.36286193418852,5.456792313116624,0.9450137939341591,2469.0,21.0,OK
2023-01-15 08:00:00,SENSOR_0,23.9930486917676,99.54126051357689,0.03443390549195375,57.578598765490625,222.09509504683024,4.598410524659828,0.9006687987173011,4145.0,27.0,OK
2023-01-15 08:00:00,SENSOR_1,21.898673137867736,100.11674148733422,0.053916905101953634,62.02346796436331,216.47494072120796,5.746344284479761,0.9331125107691953,4081.0,,OK
2023-01-15 08:00:00,SENSOR_2,25.137125949612056,99.2607678222399,0.030432544447699363,38.0060097697924,219.72115461171148,4.864438199478716,0.8514183657638841,4555.0,21.0,OK
2023-01-15 16:00:00,SENSOR_0,22.87539257254779,101.03059316555544,0.05816505511428944,36.69930329036279,222.7916345626086,,0.9390534464973359,2479.0,17.0,OK
2023-01-15 16:00:00,SENSOR_1,25.94718486127036,102.01754225579596,0.015948327915243192,34.18271361337601,220.38002695706206,4.626394160426088,0.9778601726606732,2589.0,22.0,OK
2023-01-15 16:00:00,SENSOR_2,23.161151531532393,102.80235705209603,0.07058311274651288,55.457209981745464,222.69377996223184,3.787879869863529,0.9357602855682747,2587.0,23.0,OK
2023-01-16 00:00:00,SENSOR_0,28.09986881003508,101.37409478041977,0.059451949648260866,58.25902905947605,215.39663203460316,5.442022698180525,0.9723178030852883,1659.0,12.0,WARN
2023-01-16 00:00:00,SENSOR_1,23.433493415327526,102.92861554557129,0.055120594686277516,31.26344579302568,220.8468041201804,5.368421948546216,0.9513562277652531,1159.0,17.0,OK
2023-01-16 00:00:00,SENSOR_2,24.35587696758865,99.9198985417851,0.06965381967891028,,212.9314275154751,,0.8668781782965166,4953.0,22.0,OK
2023-01-16 08:00:00,SENSOR_0,,99.59661756064484,0.08330948888925153,32.0788513460589,219.4438696932565,5.033495358612436,0.9763434630200178,4085.0,11.0,WARN
2023-01-16 08:00:00,SENSOR_1,22.53827136713209,,0.07028740130036261,51.65185341204282,215.48046179267604,5.25796960885205,0.8593021382098085,4249.0,29.0,OK
2023-01-16 08:00:00,SENSOR_2,25.454919869208258,101.68406544893931,0.013182515373367093,58.36242077803666,216.32235028705117,4.218727071556729,0.9247554461566869,3459.0,22.0,OK
2023-01-16 16:00:00,SENSOR_0,27.614285508564855,101.26730525190591,0.024408460665285972,64.83876494984342,226.18046587605218,,0.869899197331084,4949.0,16.0,OK
2023-01-16 16:00:00,SENSOR_1,21.785033530877545,99.23255789996011,0.03750362844608643,58.56347728529711,225.45655060297133,5.397132339810914,0.8516389255023266,2011.0,23.0,OK
2023-01-16 16:00:00,SENSOR_2,25.36926771706461,101.2108799604872,0.05052182100421668,62.069123322791675,223.04569060453588,4.3728552884153755,0.9090847964178694,1052.0,17.0,OK
2023-01-17 00:00:00,SENSOR_0,25.519765588496846,99.99553049949515,0.060353180409382465,43.57800770171224,214.5384361766371,5.146778966083315,0.8913056990715819,3455.0,11.0,WARN
2023-01-17 00:00:00,SENSOR_1,26.56364574355462,101.96967254883003,0.03548512373693069,62.59300454986049,218.417957751526,4.321709097688298,,3894.0,14.0,OK
2023-01-17 00:00:00,SENSOR_2,22.526098578243836,101.66659824609684,0.053735335289541566,33.204593855387,226.0654884998959,5.233214991216763,0.930807984142837,2045.0,23.0,OK
2023-01-17 08:00:00,SENSOR_0,22.359086773831446,100.36012021367264,0.03489234135293355,65.7926662424211,220.7085845681995,4.982179258851258,0.8561234701232526,,19.0,OK
2023-01-17 08:00:00,SENSOR_1,26.043883131233795,,0.03776964394016104,51.90369504614945,231.59664769990846,4.192434092047245,0.8672204613173243,3750.0,19.0,OK
2023-01-17 08:00:00,SENSOR_2,25.593969346466373,100.24078647811105,0.021866778063035556,62.69191079849975,221.96658919697185,5.582369677228586,0.9282099355030595,3307.0,16.0,OK
2023-01-17 16:00:00,SENSOR_0,25.500985700691754,101.23732090272682,0.03153533507778192,48.092731380732005,220.96024558245017,4.632704211600975,,2228.0,17.0,OK
2023-01-17 16:00:00,SENSOR_1,25.69289641899395,102.25514232050124,0.02296630788767333,55.743107807860994,218.45441767898748,4.59487378149281,0.9520842882569227,4130.0,21.0,OK
2023-01-17 16:00:00,SENSOR_2,,100.31427395366445,0.03048253494045335,51.05610643744453,220.66770452391142,,0.9413208308028715,2494.0,17.0,OK
2023-01-18 00:00:00,SENSOR_0,25.464507394322005,101.80404651551784,0.0710728359321568,59.263580870213275,,5.574318674714357,0.968384610818587,,21.0,OK
2023-01-18 00:00:00,SENSOR_1,25.58614494659736,100.76974238162755,0.031012022223361142,33.26519928122358,223.54054338344295,4.4920890905108015,0.9469489957336915,2489.0,22.0,OK
2023-01-18 00:00:00,SENSOR_2,23.571297163947264,100.50712716773765,0.10264764129674782,32.41408335962255,224.7835115839729,5.030839924923986,0.9101903508346207,2035.0,16.0,WARN
2023-01-18 08:00:00,SENSOR_0,28.731549022289514,101.19296964004543,0.05986635801761779,,216.07005269746026,5.214408250165286,0.9442153271352205,4702.0,23.0,OK
2023-01-18 08:00:00,SENSOR_1,25.947665841823575,100.26475767758062,0.05369672247389748,36.381787204527534,213.34383523221112,5.346552803631572,0.8885533643957586,2950.0,17.0,OK
2023-01-18 08:00:00,SENSOR_2,22.617393005594703,100.74635069465282,0.03283284439637573,64.87134266368807,210.8189731344835,5.088220777638613,0.8928838898289497,4361.0,21.0,OK
2023-01-18 16:00:00,SENSOR_0,26.31310721726766,100.10212210741115,0.06400619758817983,38.76855949432177,222.5399566345627,4.816486080458339,0.960457922388911,1849.0,30.0,WARN
2023-01-18 16:00:00,SENSOR_1,23.050636659545358,103.26472513291638,0.03848724347524452,69.03461023276526,214.48316696913062,,,4831.0,16.0,OK
2023-01-18 16:00:00,SENSOR_2,26.574169207484903,101.33526355197172,0.052440196292907235,43.47583167084427,209.23554703523757,5.043071941523188,0.9617732476725693,1353.0,23.0,OK
2023-01-19 00:00:00,SENSOR_0,27.317191158014808,100.60027449200742,0.1012016907653759,37.28471662754797,221.94289302265483,4.463930494007196,0.965139132313559,4710.0,19.0,WARN
2023-01-19 00:00:00,SENSOR_1,23.358635363296578,101.51397991073422,0.04807880200550701,61.58794028569916,232.46499758716396,3.5393247582526963,0.9700587272725797,2098.0,21.0,WARN
2023-01-19 00:00:00,SENSOR_2,26.926752258488644,101.18767195030917,0.07298546652571353,56.34831102003504,219.96964544230053,5.218279902078834,0.978328933017769,3920.0,19.0,OK
2023-01-19 08:00:00,SENSOR_0,25.825561853872998,101.07903040046678,0.035936471497482254,49.92782865812556,224.1924538722582,5.451967420543098,0.9103379308718614,2739.0,15.0,OK
2023-01-19 08:00:00,SENSOR_1,26.64412031998898,101.91416670004342,0.049300230190060766,52.214542037505254,220.40914679273783,3.818533782229081,0.8946413545649594,4632.0,36.0,WARN
2023-01-19 08:00:00,SENSOR_2,28.793585965307894,102.0575077100473,0.08541601271271021,58.768071130890554,219.50555173404427,4.495134647645031,0.9315078245231759,4662.0,13.0,FAIL
2023-01-19 16:00:00,SENSOR_0,24.50922376799426,100.76949885238948,0.037460658844244654,39.13818965325195,224.59538241493885,5.309577130502599,0.9019641392812678,2464.0,27.0,WARN
2023-01-19 16:00:00,SENSOR_1,,100.72418175935532,0.08624897115993857,,218.54862727905675,6.028747734855849,0.9341503833520326,1990.0,17.0,OK
2023-01-19 16:00:00,SENSOR_2,23.220971140748954,101.02494830284836,0.06415503870910952,68.99172648587133,221.3369615703595,5.010396853837704,0.9487820207701354,2264.0,23.0,OK
2023-01-20 00:00:00,SENSOR_0,23.368379430069123,98.99807883526441,,56.01302745387748,221.60848903098008,4.635998529385433,0.9463767025888992,4065.0,21.0,OK
2023-01-20 00:00:00,SENSOR_1,24.845796581171793,99.78480893780144,0.06264815478111042,37.981698037165806,216.65954773178476,4.9085517794475795,0.9024374041828169,2884.0,22.0,WARN
2023-01-20 00:00:00,SENSOR_2,25.682303949633287,102.66687426744453,0.0694510889925346,57.209129697251655,224.96021174768262,5.6874382095740925,0.8733604282378253,4225.0,23.0,OK
2023-01-20 08:00:00,SENSOR_0,25.55338159866004,102.94496771350128,0.06243619924434393,32.887936359167036,219.12520121652295,4.6770179104377325,0.910274107384709,2809.0,16.0,OK
2023-01-20 08:00:00,SENSOR_1,26.654366498072047,101.05096396044362,0.018595505602190872,31.226100088232243,216.22127420253577,4.600403996674873,0.8699631801714672,4167.0,23.0,WARN
2023-01-20 08:00:00,SENSOR_2,25.026003783755815,101.87655696305576,0.03545725648350263,40.30731554044855,222.68254921785203,4.758628238908984,0.9746135849257331,4797.0,16.0,OK
2023-01-20 16:00:00,SENSOR_0,27.907068154314633,101.61125015454353,0.045049627288969905,48.504918269572656,215.5076600910448,4.523335695870644,,3341.0,17.0,WARN
2023-01-20 16:00:00,SENSOR_1,24.47068633352409,,0.04851133141799908,64.73090021633521,220.14090578684565,5.061335157997398,0.8716243646112654,3256.0,11.0,OK
2023-01-20 16:00:00,SENSOR_2,30.440338333179238,102.41957491143458,0.06241344195101356,59.08676279065232,,5.81233922923478,0.8535626863868051,4414.0,23.0,OK
2023-01-21 00:00:00,SENSOR_0,26.251334695530012,,0.05355402001866508,59.70826084799924,,5.161539636558015,0.9404151340801078,2111.0,22.0,OK
2023-01-21 00:00:00,SENSOR_1,23.285684887167434,100.34445955939957,0.023293112825797976,47.01973337792302,,4.873823248936856,0.939166324443664,1817.0,24.0,WARN
2023-01-21 00:00:00,SENSOR_2,22.858215003877774,99.69355367974242,0.057603957020119265,43.83739970187852,219.87486520627428,,0.8976845833213808,2799.0,28.0,OK
2023-01-21 08:00:00,SENSOR_0,25.96494483048637,101.50346363586722,0.062211714905676466,44.84155051938411,224.08883149600143,4.218404595651672,,2960.0,16.0,OK
2023-01-21 08:00:00,SENSOR_1,24.5530744293483,100.54364925471569,0.0611958089586208,69.50598254944231,226.95103774508658,5.441554888573579,0.9073480452853324,3437.0,23.0,FAIL
2023-01-21 08:00:00,SENSOR_2,26.428000988184184,99.87774629040233,0.07161561451109244,31.6043676564993,222.7890515317593,4.961081401493599,0.8935704493088751,3372.0,20.0,OK
2023-01-21 16:00:00,SENSOR_0,25.94647524914709,100.65342711575747,0.06667844309097809,64.68125984489794,220.0517630992169,4.909760043204687,0.9447968895629013,3987.0,18.0,OK
2023-01-21 16:00:00,SENSOR_1,24.854342174686256,100.2184519963856,0.059183601584568736,53.14701634289574,213.4408188382492,6.59655378392243,0.9348090949233766,1888.0,21.0,OK
2023-01-21 16:00:00,SENSOR_2,23.30641256386319,102.98714163507256,0.04859668577082706,47.54461676758362,214.67443168462313,5.1493764541828435,0.9010431219476556,2855.0,17.0,OK
2023-01-22 00:00:00,SENSOR_0,21.97030555062827,102.18163975694945,0.016780781329680174,59.01030641660546,218.47387647822666,4.624104474952408,0.8805049575956986,2180.0,27.0,OK
2023-01-22 00:00:00,SENSOR_1,24.106970095865957,101.29202735868338,0.058592364382651724,,216.95243898920359,4.7868212018972285,0.9883250352617828,1667.0,24.0,OK
2023-01-22 00:00:00,SENSOR_2,26.712797588646943,102.77994413889002,0.05415375374326223,64.93692952326643,219.06514348507278,5.574222854598378,0.9135602269674561,4722.0,,OK
2023-01-22 08:00:00,SENSOR_0,25.42818748826041,101.37736830764761,0.055431576743907474,,220.28324962448553,5.056635205268882,0.9463583930092332,1632.0,23.0,OK
2023-01-22 08:00:00,SENSOR_1,22.508522442576023,100.43871579867174,0.024465028483593814,,222.64846377178367,4.280861010841317,0.8696774154609704,3624.0,19.0,OK
2023-01-22 08:00:00,SENSOR_2,25.346361851702365,102.82312407726965,0.028378869191834754,41.073111889402064,219.64750610970455,5.459614467287602,0.9179825579523156,2642.0,29.0,OK
2023-01-22 16:00:00,SENSOR_0,25.770634759457675,101.83891004368465,0.07106305706665808,53.69401314373449,222.43250821913102,4.665927957230503,0.8538551407817252,4730.0,25.0,OK
2023-01-22 16:00:00,SENSOR_1,23.232285127597734,100.26275384567354,0.0492088969228669,66.49453382466764,220.3223720740506,5.936648888108773,0.9207637165074629,1136.0,19.0,OK
2023-01-22 16:00:00,SENSOR_2,25.307450211891055,101.10966132191639,0.06363001394745249,38.42648756022666,210.12266716823063,5.540024032857325,0.9849624369964783,2946.0,17.0,OK
2023-01-23 00:00:00,SENSOR_0,25.116417436892,100.42438174661524,0.05056636752260923,54.91866334253931,215.30332303090623,4.776339052170624,0.903788939818012,2697.0,,OK
2023-01-23 00:00:00,SENSOR_1,22.714059404338755,99.91720026903566,0.050595122789914904,55.26240880370082,219.27956222139193,5.640508180867556,0.8554594417604876,1427.0,28.0,OK
2023-01-23 00:00:00,SENSOR_2,25.715574720696566,102.22617754753163,0.06876567611951996,59.32452089661124,213.95152628579447,5.033927755263702,0.8543338107287081,2475.0,24.0,WARN
2023-01-23 08:00:00,SENSOR_0,26.12156905273647,103.20941664047012,,35.262707405090396,222.999643649981,5.426386837561109,0.9043181463925617,,22.0,OK
2023-01-23 08:00:00,SENSOR_1,27.166102486350553,99.90143242618086,,58.63299858728354,227.6537541617185,5.2423664086472375,0.8724034911048472,4921.0,,FAIL
2023-01-23 08:00:00,SENSOR_2,27.107604104069807,,0.04075449422589915,66.36130082662564,226.09380925848657,4.576821672504563,0.853269293485946,3958.0,12.0,FAIL
2023-01-23 16:00:00,SENSOR_0,,100.64935743087817,0.04131007545135369,37.187324354809675,218.93278564534896,4.678225083841269,0.9558699059530248,1818.0,22.0,OK
2023-01-23 16:00:00,SENSOR_1,23.124349920169756,100.8128746162353,0.043816557530627215,39.501732996955106,227.45363068424976,5.5149804087905805,0.9141932212434647,3188.0,25.0,OK
2023-01-23 16:00:00,SENSOR_2,26.03007053441732,100.70760607576113,0.05444267543267426,68.85580376166558,220.74333728601056,4.83261233394673,,2106.0,13.0,OK
2023-01-24 00:00:00,SENSOR_0,26.027571901824416,100.43600923032018,0.040425027566730456,37.23907810837959,218.3145701444098,4.798175768379002,0.9760116456223074,3224.0,17.0,WARN
2023-01-24 00:00:00,SENSOR_1,26.030095372612095,101.34852162794482,0.07511512251147041,64.17540373478317,216.9329866822953,4.522438710325323,0.8662594544280736,1197.0,20.0,OK
2023-01-24 00:00:00,SENSOR_2,32.705462981309445,100.46904988358897,0.03210785395560992,49.69111425792139,218.48765156755937,5.21179953279673,0.9838286360537447,3671.0,,OK
2023-01-24 08:00:00,SENSOR_0,26.141781021386333,101.57045682577984,0.046262567116772825,39.88924297612708,218.05911590729386,6.031262459621573,0.8939553404328294,4639.0,30.0,OK
2023-01-24 08:00:00,SENSOR_1,27.271131280361196,101.24976189055086,0.041205378834516505,64.82999605090046,220.85208111187742,4.466233542872864,0.9743765141232154,2995.0,18.0,WARN
2023-01-24 08:00:00,SENSOR_2,26.908003526986406,101.06105195313359,0.07893955768707467,47.81221020010662,220.8028699052493,,,3738.0,13.0,WARN
2023-01-24 16:00:00,SENSOR_0,26.302782502611596,100.3924363379584,0.053931095530231496,50.59269415718761,220.01523010076707,5.706110277707714,0.9657390303638083,4492.0,21.0,OK
2023-01-24 16:00:00,SENSOR_1,24.369461510719308,100.72322866943166,0.0706368907893727,44.36933477599062,222.18469084873175,4.960179304377142,,3448.0,22.0,OK
2023-01-24 16:00:00,SENSOR_2,26.517938440986534,102.05539122582576,0.020288792539260563,53.7180340573971,225.95323137393171,5.226185898124867,0.8903767612946244,4769.0,19.0,OK
2023-01-25 00:00:00,SENSOR_0,23.454349570924855,101.80091718762438,0.05534100531738518,36.54095490340091,224.74777067720663,4.46880323592656,0.984558967957063,1470.0,15.0,OK
2023-01-25 00:00:00,SENSOR_1,24.526362786519982,100.32244475520145,0.06779261591246874,45.64326146607043,212.57551015775047,,0.9045274652863389,3265.0,15.0,WARN
2023-01-25 00:00:00,SENSOR_2,24.02927290434179,101.39933230542923,0.051645679785508485,68.7764928934115,207.23039432549024,4.906427867497726,0.9039716666631691,2948.0,16.0,OK
2023-01-25 08:00:00,SENSOR_0,,102.05138712337178,0.07130960750130702,40.3253373080451,224.67159955619636,5.4928649978399315,0.8976541945956308,1928.0,15.0,OK
2023-01-25 08:00:00,SENSOR_1,29.629317133347016,99.63059471887863,0.03965423099799256,56.269466581651685,213.1656065079229,5.593693025782375,0.9257970650286619,4899.0,23.0,OK
2023-01-25 08:00:00,SENSOR_2,21.265469614816503,101.84336019237993,0.0781869488037116,43.00760256898779,218.8761729905366,6.294781821009307,0.8715803060449882,,20.0,WARN
2023-01-25 16:00:00,SENSOR_0,26.372520380749027,100.63737624105416,0.095977962472385,60.93892502746402,214.1494348697032,5.289816586606788,0.9275196079501216,4800.0,12.0,WARN
2023-01-25 16:00:00,SENSOR_1,21.774568257620697,101.87059866859316,0.04274322879120682,35.23494642873399,,5.162898158291084,0.9258386737374006,3679.0,16.0,OK
2023-01-25 16:00:00,SENSOR_2,24.056136268421135,100.53674084345748,0.041089949571984564,68.79284180314178,222.70731364102394,5.097192150788668,0.9566662537646817,3998.0,13.0,WARN
2023-01-26 00:00:00,SENSOR_0,,99.49511789933548,0.07906768954235402,48.151581655345566,,4.823416853594656,0.966710994671262,1905.0,20.0,OK
2023-01-26 00:00:00,SENSOR_1,,99.67245756211683,0.08159144291461426,,217.1174479963664,5.169241921730846,0.9116617890437394,,16.0,OK
2023-01-26 00:00:00,SENSOR_2,22.844510444141388,101.34808494666137,0.03954279945693463,32.93986989320051,207.04478853927546,4.852299294930486,0.8923266549092091,1022.0,18.0,OK
2023-01-26 08:00:00,SENSOR_0,23.569392581480063,101.55972250172148,0.04159626365808286,36.79031620350163,217.2687777587376,5.084230488134807,0.8863068856243932,4796.0,22.0,OK
2023-01-26 08:00:00,SENSOR_1,26.35919549786935,100.39568337489558,0.044364307822789856,,221.95902002701274,5.6587987678039795,0.8772473371386821,4988.0,19.0,OK
2023-01-26 08:00:00,SENSOR_2,23.539266736565725,101.93859245877736,0.023110989779314462,43.48012705725145,212.60544215612936,4.496728717360179,0.8580706615078635,,20.0,FAIL
2023-01-26 16:00:00,SENSOR_0,25.43291717916395,99.63847993773103,0.03162696107031604,63.15533463530438,220.91679959889578,5.5699392805645225,0.8979427170368599,4084.0,23.0,OK
2023-01-26 16:00:00,SENSOR_1,25.091143679807626,101.23392020135267,0.029917184664958647,47.235500946472236,219.92345075413502,5.658557533669932,,2124.0,20.0,OK
2023-01-26 16:00:00,SENSOR_2,23.696799304788367,100.08898380023754,0.034644048697917436,39.9485709035052,222.89645749800545,4.94096573650446,0.985298434021297,1928.0,26.0,OK
2023-01-27 00:00:00,SENSOR_0,29.28788817865065,100.64816389219784,0.04930630225226438,54.68579946416121,220.59790184207077,3.9390725504957027,0.9280792356750062,4607.0,20.0,OK
2023-01-27 00:00:00,SENSOR_1,26.267838044636022,101.34739867131641,0.054684294650730415,58.27108867541783,215.1346552955922,4.696089006452784,0.8986187854642711,4947.0,21.0,FAIL
2023-01-27 00:00:00,SENSOR_2,20.949714826684787,100.43958663471605,0.08101000985628154,36.68167631603799,225.98285750832247,5.6484972732805545,0.9312654641391174,1522.0,18.0,OK
2023-01-27 08:00:00,SENSOR_0,25.372908629538856,100.91544445577017,0.03003291918522418,36.7047686515327,219.20735213486515,4.988565968850559,0.8694875381883973,2808.0,23.0,OK
2023-01-27 08:00:00,SENSOR_1,23.676427070463223,102.30629280921444,0.06968644796953168,31.466857077341718,,4.500348883852545,0.9121661248883084,4523.0,18.0,WARN
2023-01-27 08:00:00,SENSOR_2,26.704866669592448,100.72310813047685,0.04572022311548982,59.45608060262562,215.33366020463401,4.747612539385892,0.9376728049989489,1430.0,16.0,OK
2023-01-27 16:00:00,SENSOR_0,23.414958523134597,102.13569211206514,0.049010725806951344,56.552181104872204,217.78358874404245,5.420310013252276,0.9184456964509432,1792.0,19.0,OK
2023-01-27 16:00:00,SENSOR_1,24.7705271170662,100.17029314534238,0.06349638984333209,48.98523502999255,,5.2733667841006895,0.9062490320916053,2629.0,24.0,OK
2023-01-27 16:00:00,SENSOR_2,26.009974557960913,101.82980417791528,0.02754555956875403,63.76681795876789,219.13526970038288,4.880533950415153,0.9891387744459578,2736.0,20.0,OK
2023-01-28 00:00:00,SENSOR_0,26.731510388340244,102.7415686206579,0.05764819492368101,62.22680611800213,228.55854240071173,4.816587794092656,0.9732440667008497,1532.0,22.0,FAIL
2023-01-28 00:00:00,SENSOR_1,22.59940718588845,98.82835549987271,0.053329044164261125,53.414174575870085,213.1404942853432,4.804120925478089,0.9372768341423217,4923.0,16.0,WARN
2023-01-28 00:00:00,SENSOR_2,24.330997528318104,100.50310474452952,0.05984902528016298,64.73085122053035,211.9321930106163,4.538794907750749,0.9297128305655196,4026.0,23.0,OK
2023-01-28 08:00:00,SENSOR_0,24.050109377678087,101.87707212718054,0.055783372878156365,38.23364840147073,227.35585163746805,5.807687844734721,0.9368924671754417,2746.0,25.0,WARN
2023-01-28 08:00:00,SENSOR_1,23.693341534852575,101.09695461395701,0.09910600279821788,34.47678477590912,218.95338161424067,4.83883976539433,0.8781836950951406,2675.0,18.0,OK
2023-01-28 08:00:00,SENSOR_2,28.530908480562193,101.6711458733713,0.037245200314973685,40.789984460679584,216.6546363067004,5.608579260412748,0.9053192840570046,2316.0,19.0,OK
2023-01-28 16:00:00,SENSOR_0,25.80996342192191,100.69601481328418,0.039380060899963654,32.28347424357259,225.19952343698037,5.7606580259612254,0.8555243346047259,3857.0,19.0,OK
2023-01-28 16:00:00,SENSOR_1,22.47823209132991,101.3865897874729,0.037537189471504716,51.24678112004128,216.9719223013157,5.49915544907398,0.9165764452481557,1912.0,18.0,OK
2023-01-28 16:00:00,SENSOR_2,26.835723894109552,101.14432276460792,,67.46422769179846,229.1300485677347,4.784189843640976,0.9260234417540728,2124.0,27.0,OK
2023-01-29 00:00:00,SENSOR_0,29.244312394025265,102.4677820616598,0.03725225745386965,31.573741626740386,,5.201865045168304,0.8818849630544493,2525.0,18.0,OK
2023-01-29 00:00:00,SENSOR_1,27.064930521102294,101.55442084330122,0.07378033062215104,34.88439656040107,217.56044295927148,4.987902196804542,0.9849640386031719,2327.0,33.0,FAIL
2023-01-29 00:00:00,SENSOR_2,21.961260068091974,101.6376026620752,0.0784100849597971,48.08796113133741,230.78654106632752,4.548149069634936,0.9773236455312139,3918.0,22.0,OK
2023-01-29 08:00:00,SENSOR_0,24.0315318542675,100.88812303387753,0.03858507412501048,67.3550007011162,216.97142538498332,5.162179640860802,0.9511000529638268,3587.0,18.0,OK
2023-01-29 08:00:00,SENSOR_1,27.533822298373245,100.8123937759275,0.03335288853791543,42.64624419907002,223.71047686004653,4.410480104420099,,2023.0,21.0,OK
2023-01-29 08:00:00,SENSOR_2,23.58466106876244,100.86744181218037,0.05942831112772808,50.289392347535696,221.49646290203245,5.593839694230782,0.9717956823506759,2576.0,16.0,OK
2023-01-29 16:00:00,SENSOR_0,25.887638856292458,101.6944521423783,0.03895553911438058,31.662914362015684,226.50870644699398,4.767691351350804,0.8682913281352848,2378.0,18.0,OK
2023-01-29 16:00:00,SENSOR_1,26.549268106858673,100.87901551917973,0.06265863635511022,35.93372803848355,227.80755598363427,5.10057982793642,0.9606713711984839,4374.0,18.0,OK
2023-01-29 16:00:00,SENSOR_2,23.146139056843833,,0.054058460417026,69.46520491835388,220.16002074532884,5.141643935773071,0.8674749139553587,2519.0,23.0,WARN
2023-01-30 00:00:00,SENSOR_0,24.8809492878764,103.37540079864543,0.019685117700055363,68.60474785744182,216.23291064826907,4.870547513147962,0.9611894927569168,2681.0,23.0,OK
2023-01-30 00:00:00,SENSOR_1,18.517465319861856,102.17112470343169,0.08095010402660124,30.197599237376384,222.29986071469557,5.293346900737637,,,16.0,OK
2023-01-30 00:00:00,SENSOR_2,22.95122471733142,100.97397646783216,0.08591755346191043,68.07247141692956,216.61142315123948,4.762548171688738,0.9727926813425465,2997.0,20.0,OK
2023-01-30 08:00:00,SENSOR_0,24.49486369721368,102.50121392216394,0.03774422619031228,55.56479751262002,230.06693623763312,5.435648648728622,0.9821658931355557,1226.0,24.0,OK
2023-01-30 08:00:00,SENSOR_1,22.504433636070303,100.89192462697845,0.04224596880128032,64.71673178080088,220.6826766554137,4.327010159876625,0.8708314357167162,2259.0,21.0,OK
2023-01-30 08:00:00,SENSOR_2,28.26482260786327,,0.0557173078144981,48.18959422535436,218.17339224343945,5.063189789773206,0.9147745847091551,1872.0,24.0,WARN
2023-01-30 16:00:00,SENSOR_0,22.139717244078735,100.29191368908259,0.056689135799740505,50.62384114317001,220.92340152932454,5.969464499529142,0.9873382329427759,1891.0,24.0,OK
2023-01-30 16:00:00,SENSOR_1,24.119911026606033,99.42920807897414,0.06317088545345662,49.55386321027681,213.26436855235153,4.499834337697212,,2478.0,24.0,OK
2023-01-30 16:00:00,SENSOR_2,25.261481154572184,100.94848651595869,0.090204090775327,56.67457030184417,215.14192980744673,4.661127514737574,0.9708966531520363,2036.0,14.0,OK
2023-01-31 00:00:00,SENSOR_0,27.88254657813223,101.31841837918955,0.04646105545011901,35.586050190252514,226.00206953972213,5.256953924829458,0.9324224130983848,3257.0,22.0,OK
2023-01-31 00:00:00,SENSOR_1,22.128275697641122,102.97643731227528,0.034034055109230923,31.198943594907117,216.71552860514302,5.089790890969799,0.9025461871087442,3788.0,15.0,OK
2023-01-31 00:00:00,SENSOR_2,27.32632750430992,101.62692737376416,0.022413615439709458,42.31719766364763,214.7654450865903,5.1753150496367795,0.8900096977736218,1396.0,26.0,WARN
2023-01-31 08:00:00,SENSOR_0,25.020466122039174,101.08089947119113,0.03538139920116162,58.18723050946587,222.68326376263644,5.244593565073831,0.8784512327520522,2123.0,27.0,OK
2023-01-31 08:00:00,SENSOR_1,23.036982697904097,102.12940558118349,0.04933746054252406,38.074138084917934,225.92852077331497,5.317360734280885,0.9566517467928776,3078.0,21.0,WARN
2023-01-31 08:00:00,SENSOR_2,25.924206948526543,99.08886469099211,,56.93729733299669,223.59476655332534,,0.9041156709552238,3945.0,26.0,OK
2023-01-31 16:00:00,SENSOR_0,25.398119391146942,101.53561455810856,0.03964777401927658,68.79648184429081,224.98023842902907,5.2049093284642565,0.9215785647081052,4599.0,22.0,WARN
2023-01-31 16:00:00,SENSOR_1,23.79956624568241,102.07086519388696,0.05447575903277797,33.75602863157673,216.2160245571527,4.879371172690729,0.9189255672001655,,20.0,OK
2023-01-31 16:00:00,SENSOR_2,25.13960416998004,99.82141375422016,0.04967154207854496,56.90408472900505,212.89094666629077,5.336286850601366,0.9308190640926384,1328.0,17.0,OK
2023-02-01 00:00:00,SENSOR_0,24.22937280627648,102.44375404320692,0.07376786546896169,47.750008772182845,227.50666825977743,5.949940967447608,0.9711808003874373,4237.0,17.0,OK
2023-02-01 00:00:00,SENSOR_1,25.227034690502496,101.63849640749442,0.10053864851747243,64.72569017510021,218.38660080578933,4.933683126808713,0.9873035081016801,2482.0,16.0,FAIL
2023-02-01 00:00:00,SENSOR_2,26.324261349042093,100.8847120860992,0.03938262454159359,37.085991577895435,218.74583491772475,4.512735347664679,0.9070617892003343,4893.0,27.0,OK
2023-02-01 08:00:00,SENSOR_0,28.172033632290706,,0.04021121114963556,57.70503808904658,226.6409707092453,5.553540334643486,0.9658526490948824,1951.0,15.0,OK
2023-02-01 08:00:00,SENSOR_1,,,0.07088321754138144,63.52461158592441,222.7811500470033,4.939809418023201,0.9570338912516605,3005.0,23.0,OK
2023-02-01 08:00:00,SENSOR_2,29.266066749312532,101.48186625505849,0.06363782979252623,67.78456877896093,222.27943886040805,3.9136652269929817,0.9302940532037802,3016.0,25.0,WARN
2023-02-01 16:00:00,SENSOR_0,21.095824400954996,101.54822058630033,0.08693414651472067,57.329921131585834,230.82501172450543,5.423710838575211,0.9838466001056706,4171.0,,OK
2023-02-01 16:00:00,SENSOR_1,24.696429809928834,100.84063910045975,0.06167856370651928,49.8869905603371,216.7824088480993,4.732335907023039,0.8780664321739764,3668.0,23.0,WARN
2023-02-01 16:00:00,SENSOR_2,26.176634412969154,100.4501556305352,0.042814158184258815,54.713889608048554,224.6392006404062,,0.865296989443347,2878.0,29.0,OK
2023-02-02 00:00:00,SENSOR_0,25.561983735470065,102.13033581654425,0.06181309661384619,64.75619937914873,220.2850656244854,5.165990165284507,0.9695546753737591,2196.0,18.0,OK
2023-02-02 00:00:00,SENSOR_1,23.75460096035881,100.44391617409113,0.07217407161165816,52.82438986555319,221.3429613943163,5.095249839889533,0.9114809743287248,2772.0,15.0,OK
2023-02-02 00:00:00,SENSOR_2,24.58375549928545,101.37156623721938,0.06640964362394729,31.215482387873475,227.64234213206265,5.354725908569519,0.9685756395889884,1161.0,,FAIL
2023-02-02 08:00:00,SENSOR_0,,100.82234255323488,0.06014548062214596,67.23794782027912,222.53917878144813,4.782256814715078,0.9750326287273581,4976.0,17.0,OK
2023-02-02 08:00:00,SENSOR_1,23.821270486111576,101.77897982574639,0.07133349379178308,57.58107004126245,222.69148039524816,5.2565528990880415,0.85874406310667,2751.0,24.0,FAIL
2023-02-02 08:00:00,SENSOR_2,26.69920419404205,101.63366210528694,0.07338591180891346,57.06053543108986,225.36253668654902,4.870226661208042,0.9736850668180485,1775.0,13.0,OK
2023-02-02 16:00:00,SENSOR_0,25.714030971930093,102.3375399442579,0.07764317982075054,38.62700609590868,,5.369405240443752,0.912764667751719,,,OK
2023-02-02 16:00:00,SENSOR_1,23.614180809478693,100.78998360114525,0.06297419775179286,56.355418809306286,215.80395166330496,5.307683742006526,0.9214605484605924,2827.0,16.0,OK
2023-02-02 16:00:00,SENSOR_2,26.799199750866503,,0.046657638393662916,45.754576226166336,214.77595402989482,4.532280648977702,0.9377229515530494,3321.0,26.0,OK
2023-02-03 00:00:00,SENSOR_0,25.61459904175322,100.32123628421769,0.05293427372866646,56.04931908165968,210.16821705312,5.542991058087516,0.9796935649422122,4074.0,16.0,WARN
2023-02-03 00:00:00,SENSOR_1,26.62572423767792,100.85570673992389,0.07413017933016713,34.26372121231963,230.2810356497016,4.732018277442976,0.8526762532201669,,11.0,FAIL
2023-02-03 00:00:00,SENSOR_2,26.259257683847224,101.67730049304485,0.03366128658025528,56.313812184121446,214.48395817139158,5.404028899140573,0.9167580855644943,3373.0,23.0,WARN
2023-01-29 00:00:00,SENSOR_1,27.064930521102294,101.55442084330122,0.07378033062215104,34.88439656040107,217.56044295927148,4.987902196804542,0.9849640386031719,2327.0,33.0,FAIL
2023-01-17 16:00:00,SENSOR_0,25.500985700691754,101.23732090272682,0.03153533507778192,48.092731380732005,220.96024558245017,4.632704211600975,,2228.0,17.0,OK
2023-01-12 08:00:00,SENSOR_1,23.39544546155676,101.34698059376474,0.02183077407272881,49.19755338868494,213.1509851021046,4.115780317218574,0.9499645702253599,2590.0,24.0,OK
2023-01-02 00:00:00,SENSOR_0,26.08512008717193,101.0978073475661,0.07992088622978366,40.39214324256639,213.86196092431504,5.8036727880099965,0.9337700478016863,1276.0,20.0,OK
2023-01-20 08:00:00,SENSOR_2,25.026003783755815,101.87655696305576,0.03545725648350263,40.30731554044855,222.68254921785203,4.758628238908984,0.9746135849257331,4797.0,16.0,OK
2023-01-05 08:00:00,SENSOR_0,25.393722471738247,100.73627544719602,0.02409842455872768,42.94440876598165,222.8195456002618,5.19733576491149,0.9102598374449387,1140.0,24.0,OK
